{"cameraMode":{"drawMode":0,"name":"Shaded","section":"Shading Mode"},"sceneLighting":true,"audioPlay":false,"sceneViewState":{"showFog":true,"showMaterialUpdate":false,"showSkybox":true,"showFlares":true,"showImageEffects":true,"showParticleSystems":true},"in2DMode":false,"pivot":{"x":2.2781078815460207,"y":1.8092563152313233,"z":0.823767900466919},"rotation":{"x":0.06738193333148956,"y":-0.9586426615715027,"z":0.12448062747716904,"w":0.24691806733608247},"size":2.4073948860168459,"orthographic":false}