{"cameraMode":{"drawMode":0,"name":"Shaded","section":"Shading Mode"},"sceneLighting":false,"audioPlay":false,"sceneViewState":{"showFog":false,"showMaterialUpdate":false,"showSkybox":false,"showFlares":false,"showImageEffects":false,"showParticleSystems":false},"in2DMode":false,"pivot":{"x":0.4624377191066742,"y":5.47491455078125,"z":0.5640690922737122},"rotation":{"x":-0.05559038370847702,"y":-0.8004040122032166,"z":0.07513239234685898,"w":-0.5921304225921631},"size":15.362584114074707,"orthographic":false}