{"cameraMode":{"drawMode":0,"name":"Shaded","section":"Shading Mode"},"sceneLighting":false,"audioPlay":false,"sceneViewState":{"showFog":false,"showMaterialUpdate":false,"showSkybox":false,"showFlares":false,"showImageEffects":false,"showParticleSystems":false},"in2DMode":false,"pivot":{"x":-15.922900199890137,"y":-1.1633062362670899,"z":-18.672733306884767},"rotation":{"x":0.015588690526783467,"y":-0.9800211191177368,"z":0.1789408177137375,"w":0.08541525155305863},"size":47.50394821166992,"orthographic":false}