{"cameraMode":{"drawMode":0,"name":"Shaded","section":"Shading Mode"},"sceneLighting":true,"audioPlay":false,"sceneViewState":{"showFog":true,"showMaterialUpdate":false,"showSkybox":true,"showFlares":true,"showImageEffects":true,"showParticleSystems":true},"in2DMode":false,"pivot":{"x":-0.6683406829833984,"y":-3.1383743286132814,"z":-4.3518781661987309},"rotation":{"x":0.12952592968940736,"y":-0.7464470267295837,"z":0.15232864022254945,"w":0.6346936225891113},"size":18.161096572875978,"orthographic":false}