{"cameraMode":{"drawMode":0,"name":"Shaded","section":"Shading Mode"},"sceneLighting":false,"audioPlay":false,"sceneViewState":{"showFog":false,"showMaterialUpdate":false,"showSkybox":false,"showFlares":false,"showImageEffects":false,"showParticleSystems":false},"in2DMode":false,"pivot":{"x":73.36863708496094,"y":-7.538909912109375,"z":-10.255559921264649},"rotation":{"x":-0.07305076718330383,"y":0.8835392594337463,"z":-0.14711426198482514,"w":-0.43861082196235659},"size":88.46221160888672,"orthographic":false}